<configuration> 
  <!-- debug="true" (in configuration) prints logback status messages... on System.out -->

  <appender name="STDERR" class="ch.qos.logback.core.ConsoleAppender">
    <target>System.err</target>
    <encoder>
      <pattern>%d %-5level %-4thread %-36logger{36} %msg%n%rEx</pattern>
    </encoder><!--%rEx{5} (reverse order)-->
  </appender>

  <!--logger name="fr.inrialpes.exmo.align.parser.XMLParser" level="INFO" /-->
  <!--logger name="com.hp" level="ERROR" /-->
  <!--logger name="fr.inrialpes.exmo.align.impl.eval" level="INFO"/-->
  <!--logger name="fr.inrialpes.exmo.align" level="WARN"/-->
  <!--logger name="fr.inrialpes.exmo.align.impl.renderer.OWLAxiomsRendererVisitor" level="TRACE">
    <appender-ref ref="STDERR" />
  </logger-->

  <root level="${log.level:-OFF}">
    <appender-ref ref="STDERR" />
  </root>
  <!--root level="TRACE">
    <appender-ref ref="STDERR" />
  </root-->
  
</configuration>

